typeCode,freqCode,refPeriodId,refYear,refMonth,period,reporterCode,reporterISO,reporterDesc,flowCode,flowDesc,partnerCode,partnerISO,partnerDesc,partner2Code,partner2ISO,partner2Desc,classificationCode,classificationSearchCode,isOriginalClassification,cmdCode,cmdDesc,aggrLevel,isLeaf,customsCode,customsDesc,mosCode,motCode,motDesc,qtyUnitCode,qtyUnitAbbr,qty,isQtyEstimated,altQtyUnitCode,altQtyUnitAbbr,altQty,isAltQtyEstimated,netWgt,isNetWgtEstimated,grossWgt,isGrossWgtEstimated,cifvalue,fobvalue,primaryValue,legacyEstimationFlag,isReported,isAggregate
"C","A","20220101","2022","52","2022","842","USA","USA","M","Import","0","W00","World","0","W00","World","H6","HS","true","TOTAL","All Commodities","0","false","C00","TOTAL CPC","0","0","TOTAL MOT","-1","N/A","0","false","-1","N/A","0","false","0","true","0","false","3372902165775","3243389128166","3372902165775","4","false","true",
"C","A","20220101","2022","52","2022","842","USA","USA","M","Import","4","AFG","Afghanistan","0","W00","World","H6","HS","true","TOTAL","All Commodities","0","false","C00","TOTAL CPC","0","0","TOTAL MOT","-1","N/A","0","false","-1","N/A","0","false","0","true","0","false","23806366","22546601","23806366","4","false","true",
"C","A","20220101","2022","52","2022","842","USA","USA","M","Import","8","ALB","Albania","0","W00","World","H6","HS","true","TOTAL","All Commodities","0","false","C00","TOTAL CPC","0","0","TOTAL MOT","-1","N/A","0","false","-1","N/A","0","false","0","true","0","false","152133954","144991047","152133954","4","false","true",
"C","A","20220101","2022","52","2022","842","USA","USA","M","Import","12","DZA","Algeria","0","W00","World","H6","HS","true","TOTAL","All Commodities","0","false","C00","TOTAL CPC","0","0","TOTAL MOT","-1","N/A","0","false","-1","N/A","0","false","0","true","0","false","3166406786","3060778249","3166406786","4","false","true",
"C","A","20220101","2022","52","2022","842","USA","USA","M","Import","20","AND","Andorra","0","W00","World","H6","HS","true","TOTAL","All Commodities","0","false","C00","TOTAL CPC","0","0","TOTAL MOT","-1","N/A","0","false","-1","N/A","0","false","0","true","0","false","9959164","9778800","9959164","4","false","true",
"C","A","20220101","2022","52","2022","842","USA","USA","M","Import","24","AGO","Angola","0","W00","World","H6","HS","true","TOTAL","All Commodities","0","false","C00","TOTAL CPC","0","0","TOTAL MOT","-1","N/A","0","false","-1","N/A","0","false","0","true","0","false","1639691615","1611019709","1639691615","4","false","true",
"C","A","20220101","2022","52","2022","842","USA","USA","M","Import","28","ATG","Antigua and Barbuda","0","W00","World","H6","HS","true","TOTAL","All Commodities","0","false","C00","TOTAL CPC","0","0","TOTAL MOT","-1","N/A","0","false","-1","N/A","0","false","0","true","0","false","9117307","8824366","9117307","4","false","true",
"C","A","20220101","2022","52","2022","842","USA","USA","M","Import","31","AZE","Azerbaijan","0","W00","World","H6","HS","true","TOTAL","All Commodities","0","false","C00","TOTAL CPC","0","0","TOTAL MOT","-1","N/A","0","false","-1","N/A","0","false","0","true","0","false","184789232","173378985","184789232","4","false","true",
"C","A","20220101","2022","52","2022","842","USA","USA","M","Import","32","ARG","Argentina","0","W00","World","H6","HS","true","TOTAL","All Commodities","0","false","C00","TOTAL CPC","0","0","TOTAL MOT","-1","N/A","0","false","-1","N/A","0","false","0","true","0","false","7291538762","6937553703","7291538762","4","false","true",
"C","A","20220101","2022","52","2022","842","USA","USA","M","Import","36","AUS","Australia","0","W00","World","H6","HS","true","TOTAL","All Commodities","0","false","C00","TOTAL CPC","0","0","TOTAL MOT","-1","N/A","0","false","-1","N/A","0","false","0","true","0","false","16504822019","16082189262","16504822019","4","false","true",
"C","A","20220101","2022","52","2022","842","USA","USA","M","Import","40","AUT","Austria","0","W00","World","H6","HS","true","TOTAL","All Commodities","0","false","C00","TOTAL CPC","0","0","TOTAL MOT","-1","N/A","0","false","-1","N/A","0","false","0","true","0","false","18423497883","17812038981","18423497883","4","false","true",
"C","A","20220101","2022","52","2022","842","USA","USA","M","Import","44","BHS","Bahamas","0","W00","World","H6","HS","true","TOTAL","All Commodities","0","false","C00","TOTAL CPC","0","0","TOTAL MOT","-1","N/A","0","false","-1","N/A","0","false","0","true","0","false","1769052266","1721067766","1769052266","4","false","true",
"C","A","20220101","2022","52","2022","842","USA","USA","M","Import","48","BHR","Bahrain","0","W00","World","H6","HS","true","TOTAL","All Commodities","0","false","C00","TOTAL CPC","0","0","TOTAL MOT","-1","N/A","0","false","-1","N/A","0","false","0","true","0","false","2024643642","1893670738","2024643642","4","false","true",
"C","A","20220101","2022","52","2022","842","USA","USA","M","Import","50","BGD","Bangladesh","0","W00","World","H6","HS","true","TOTAL","All Commodities","0","false","C00","TOTAL CPC","0","0","TOTAL MOT","-1","N/A","0","false","-1","N/A","0","false","0","true","0","false","11834782954","11170329089","11834782954","4","false","true",
"C","A","20220101","2022","52","2022","842","USA","USA","M","Import","51","ARM","Armenia","0","W00","World","H6","HS","true","TOTAL","All Commodities","0","false","C00","TOTAL CPC","0","0","TOTAL MOT","-1","N/A","0","false","-1","N/A","0","false","0","true","0","false","85141689","80668732","85141689","4","false","true",
"C","A","20220101","2022","52","2022","842","USA","USA","M","Import","52","BRB","Barbados","0","W00","World","H6","HS","true","TOTAL","All Commodities","0","false","C00","TOTAL CPC","0","0","TOTAL MOT","-1","N/A","0","false","-1","N/A","0","false","0","true","0","false","54483990","52225247","54483990","4","false","true",
"C","A","20220101","2022","52","2022","842","USA","USA","M","Import","56","BEL","Belgium","0","W00","World","H6","HS","true","TOTAL","All Commodities","0","false","C00","TOTAL CPC","0","0","TOTAL MOT","-1","N/A","0","false","-1","N/A","0","false","0","true","0","false","27473931399","26773805471","27473931399","4","false","true",
"C","A","20220101","2022","52","2022","842","USA","USA","M","Import","60","BMU","Bermuda","0","W00","World","H6","HS","true","TOTAL","All Commodities","0","false","C00","TOTAL CPC","0","0","TOTAL MOT","-1","N/A","0","false","-1","N/A","0","false","0","true","0","false","14518593","14207705","14518593","4","false","true",
"C","A","20220101","2022","52","2022","842","USA","USA","M","Import","64","BTN","Bhutan","0","W00","World","H6","HS","true","TOTAL","All Commodities","0","false","C00","TOTAL CPC","0","0","TOTAL MOT","-1","N/A","0","false","-1","N/A","0","false","0","true","0","false","316830","291764","316830","4","false","true",
"C","A","20220101","2022","52","2022","842","USA","USA","M","Import","68","BOL","Bolivia (Plurinational State of)","0","W00","World","H6","HS","true","TOTAL","All Commodities","0","false","C00","TOTAL CPC","0","0","TOTAL MOT","-1","N/A","0","false","-1","N/A","0","false","0","true","0","false","662705907","643826640","662705907","4","false","true",
"C","A","20220101","2022","52","2022","842","USA","USA","M","Import","70","BIH","Bosnia Herzegovina","0","W00","World","H6","HS","true","TOTAL","All Commodities","0","false","C00","TOTAL CPC","0","0","TOTAL MOT","-1","N/A","0","false","-1","N/A","0","false","0","true","0","false","183443843","170840915","183443843","4","false","true",
"C","A","20220101","2022","52","2022","842","USA","USA","M","Import","72","BWA","Botswana","0","W00","World","H6","HS","true","TOTAL","All Commodities","0","false","C00","TOTAL CPC","0","0","TOTAL MOT","-1","N/A","0","false","-1","N/A","0","false","0","true","0","false","464301915","455198294","464301915","4","false","true",
"C","A","20220101","2022","52","2022","842","USA","USA","M","Import","76","BRA","Brazil","0","W00","World","H6","HS","true","TOTAL","All Commodities","0","false","C00","TOTAL CPC","0","0","TOTAL MOT","-1","N/A","0","false","-1","N/A","0","false","0","true","0","false","41370520130","39026882461","41370520130","4","false","true",
"C","A","20220101","2022","52","2022","842","USA","USA","M","Import","84","BLZ","Belize","0","W00","World","H6","HS","true","TOTAL","All Commodities","0","false","C00","TOTAL CPC","0","0","TOTAL MOT","-1","N/A","0","false","-1","N/A","0","false","0","true","0","false","65085844","60865806","65085844","4","false","true",
"C","A","20220101","2022","52","2022","842","USA","USA","M","Import","86","IOT","Br. Indian Ocean Terr.","0","W00","World","H6","HS","true","TOTAL","All Commodities","0","false","C00","TOTAL CPC","0","0","TOTAL MOT","-1","N/A","0","false","-1","N/A","0","false","0","true","0","false","414352","392163","414352","4","false","true",
"C","A","20220101","2022","52","2022","842","USA","USA","M","Import","90","SLB","Solomon Isds","0","W00","World","H6","HS","true","TOTAL","All Commodities","0","false","C00","TOTAL CPC","0","0","TOTAL MOT","-1","N/A","0","false","-1","N/A","0","false","0","true","0","false","8330970","8076413","8330970","4","false","true",
"C","A","20220101","2022","52","2022","842","USA","USA","M","Import","92","VGB","Br. Virgin Isds","0","W00","World","H6","HS","true","TOTAL","All Commodities","0","false","C00","TOTAL CPC","0","0","TOTAL MOT","-1","N/A","0","false","-1","N/A","0","false","0","true","0","false","4601517","4417540","4601517","4","false","true",
"C","A","20220101","2022","52","2022","842","USA","USA","M","Import","96","BRN","Brunei Darussalam","0","W00","World","H6","HS","true","TOTAL","All Commodities","0","false","C00","TOTAL CPC","0","0","TOTAL MOT","-1","N/A","0","false","-1","N/A","0","false","0","true","0","false","91772888","90335326","91772888","4","false","true",
"C","A","20220101","2022","52","2022","842","USA","USA","M","Import","100","BGR","Bulgaria","0","W00","World","H6","HS","true","TOTAL","All Commodities","0","false","C00","TOTAL CPC","0","0","TOTAL MOT","-1","N/A","0","false","-1","N/A","0","false","0","true","0","false","1573136611","1502522023","1573136611","4","false","true",
"C","A","20220101","2022","52","2022","842","USA","USA","M","Import","104","MMR","Myanmar","0","W00","World","H6","HS","true","TOTAL","All Commodities","0","false","C00","TOTAL CPC","0","0","TOTAL MOT","-1","N/A","0","false","-1","N/A","0","false","0","true","0","false","1135525078","1068975293","1135525078","4","false","true",
"C","A","20220101","2022","52","2022","842","USA","USA","M","Import","108","BDI","Burundi","0","W00","World","H6","HS","true","TOTAL","All Commodities","0","false","C00","TOTAL CPC","0","0","TOTAL MOT","-1","N/A","0","false","-1","N/A","0","false","0","true","0","false","7874410","7763315","7874410","4","false","true",
"C","A","20220101","2022","52","2022","842","USA","USA","M","Import","112","BLR","Belarus","0","W00","World","H6","HS","true","TOTAL","All Commodities","0","false","C00","TOTAL CPC","0","0","TOTAL MOT","-1","N/A","0","false","-1","N/A","0","false","0","true","0","false","224082342","208435379","224082342","4","false","true",
"C","A","20220101","2022","52","2022","842","USA","USA","M","Import","116","KHM","Cambodia","0","W00","World","H6","HS","true","TOTAL","All Commodities","0","false","C00","TOTAL CPC","0","0","TOTAL MOT","-1","N/A","0","false","-1","N/A","0","false","0","true","0","false","13091460620","12229481837","13091460620","4","false","true",
"C","A","20220101","2022","52","2022","842","USA","USA","M","Import","120","CMR","Cameroon","0","W00","World","H6","HS","true","TOTAL","All Commodities","0","false","C00","TOTAL CPC","0","0","TOTAL MOT","-1","N/A","0","false","-1","N/A","0","false","0","true","0","false","115875556","103755597","115875556","4","false","true",
"C","A","20220101","2022","52","2022","842","USA","USA","M","Import","124","CAN","Canada","0","W00","World","H6","HS","true","TOTAL","All Commodities","0","false","C00","TOTAL CPC","0","0","TOTAL MOT","-1","N/A","0","false","-1","N/A","0","false","0","true","0","false","446623933605","436018643611","446623933605","4","false","true",
"C","A","20220101","2022","52","2022","842","USA","USA","M","Import","132","CPV","Cabo Verde","0","W00","World","H6","HS","true","TOTAL","All Commodities","0","false","C00","TOTAL CPC","0","0","TOTAL MOT","-1","N/A","0","false","-1","N/A","0","false","0","true","0","false","7129107","6731591","7129107","4","false","true",
"C","A","20220101","2022","52","2022","842","USA","USA","M","Import","136","CYM","Cayman Isds","0","W00","World","H6","HS","true","TOTAL","All Commodities","0","false","C00","TOTAL CPC","0","0","TOTAL MOT","-1","N/A","0","false","-1","N/A","0","false","0","true","0","false","48561855","47835375","48561855","4","false","true",
"C","A","20220101","2022","52","2022","842","USA","USA","M","Import","140","CAF","Central African Rep.","0","W00","World","H6","HS","true","TOTAL","All Commodities","0","false","C00","TOTAL CPC","0","0","TOTAL MOT","-1","N/A","0","false","-1","N/A","0","false","0","true","0","false","914171","880502","914171","4","false","true",
"C","A","20220101","2022","52","2022","842","USA","USA","M","Import","144","LKA","Sri Lanka","0","W00","World","H6","HS","true","TOTAL","All Commodities","0","false","C00","TOTAL CPC","0","0","TOTAL MOT","-1","N/A","0","false","-1","N/A","0","false","0","true","0","false","3644613144","3414529950","3644613144","4","false","true",
"C","A","20220101","2022","52","2022","842","USA","USA","M","Import","148","TCD","Chad","0","W00","World","H6","HS","true","TOTAL","All Commodities","0","false","C00","TOTAL CPC","0","0","TOTAL MOT","-1","N/A","0","false","-1","N/A","0","false","0","true","0","false","4843586","4615088","4843586","4","false","true",
"C","A","20220101","2022","52","2022","842","USA","USA","M","Import","152","CHL","Chile","0","W00","World","H6","HS","true","TOTAL","All Commodities","0","false","C00","TOTAL CPC","0","0","TOTAL MOT","-1","N/A","0","false","-1","N/A","0","false","0","true","0","false","16801402284","15589848474","16801402284","4","false","true",
"C","A","20220101","2022","52","2022","842","USA","USA","M","Import","156","CHN","China","0","W00","World","H6","HS","true","TOTAL","All Commodities","0","false","C00","TOTAL CPC","0","0","TOTAL MOT","-1","N/A","0","false","-1","N/A","0","false","0","true","0","false","575688091172","536732471721","575688091172","4","false","true",
"C","A","20220101","2022","52","2022","842","USA","USA","M","Import","162","CXR","Christmas Isds","0","W00","World","H6","HS","true","TOTAL","All Commodities","0","false","C00","TOTAL CPC","0","0","TOTAL MOT","-1","N/A","0","false","-1","N/A","0","false","0","true","0","false","908401","866269","908401","4","false","true",
"C","A","20220101","2022","52","2022","842","USA","USA","M","Import","166","CCK","Cocos Isds","0","W00","World","H6","HS","true","TOTAL","All Commodities","0","false","C00","TOTAL CPC","0","0","TOTAL MOT","-1","N/A","0","false","-1","N/A","0","false","0","true","0","false","1451424","1342609","1451424","4","false","true",
"C","A","20220101","2022","52","2022","842","USA","USA","M","Import","170","COL","Colombia","0","W00","World","H6","HS","true","TOTAL","All Commodities","0","false","C00","TOTAL CPC","0","0","TOTAL MOT","-1","N/A","0","false","-1","N/A","0","false","0","true","0","false","19401277843","18561491770","19401277843","4","false","true",
"C","A","20220101","2022","52","2022","842","USA","USA","M","Import","174","COM","Comoros","0","W00","World","H6","HS","true","TOTAL","All Commodities","0","false","C00","TOTAL CPC","0","0","TOTAL MOT","-1","N/A","0","false","-1","N/A","0","false","0","true","0","false","5620333","5547705","5620333","4","false","true",
"C","A","20220101","2022","52","2022","842","USA","USA","M","Import","178","COG","Congo","0","W00","World","H6","HS","true","TOTAL","All Commodities","0","false","C00","TOTAL CPC","0","0","TOTAL MOT","-1","N/A","0","false","-1","N/A","0","false","0","true","0","false","154425847","150130160","154425847","4","false","true",
"C","A","20220101","2022","52","2022","842","USA","USA","M","Import","180","COD","Dem. Rep. of the Congo","0","W00","World","H6","HS","true","TOTAL","All Commodities","0","false","C00","TOTAL CPC","0","0","TOTAL MOT","-1","N/A","0","false","-1","N/A","0","false","0","true","0","false","180322081","176738035","180322081","4","false","true",
"C","A","20220101","2022","52","2022","842","USA","USA","M","Import","184","COK","Cook Isds","0","W00","World","H6","HS","true","TOTAL","All Commodities","0","false","C00","TOTAL CPC","0","0","TOTAL MOT","-1","N/A","0","false","-1","N/A","0","false","0","true","0","false","1048962","969348","1048962","4","false","true",
"C","A","20220101","2022","52","2022","842","USA","USA","M","Import","188","CRI","Costa Rica","0","W00","World","H6","HS","true","TOTAL","All Commodities","0","false","C00","TOTAL CPC","0","0","TOTAL MOT","-1","N/A","0","false","-1","N/A","0","false","0","true","0","false","9109416727","8750584953","9109416727","4","false","true",
"C","A","20220101","2022","52","2022","842","USA","USA","M","Import","191","HRV","Croatia","0","W00","World","H6","HS","true","TOTAL","All Commodities","0","false","C00","TOTAL CPC","0","0","TOTAL MOT","-1","N/A","0","false","-1","N/A","0","false","0","true","0","false","889962538","861057507","889962538","4","false","true",
"C","A","20220101","2022","52","2022","842","USA","USA","M","Import","192","CUB","Cuba","0","W00","World","H6","HS","true","TOTAL","All Commodities","0","false","C00","TOTAL CPC","0","0","TOTAL MOT","-1","N/A","0","false","-1","N/A","0","false","0","true","0","false","5607675","5576993","5607675","4","false","true",
"C","A","20220101","2022","52","2022","842","USA","USA","M","Import","196","CYP","Cyprus","0","W00","World","H6","HS","true","TOTAL","All Commodities","0","false","C00","TOTAL CPC","0","0","TOTAL MOT","-1","N/A","0","false","-1","N/A","0","false","0","true","0","false","75154875","72714953","75154875","4","false","true",
"C","A","20220101","2022","52","2022","842","USA","USA","M","Import","203","CZE","Czechia","0","W00","World","H6","HS","true","TOTAL","All Commodities","0","false","C00","TOTAL CPC","0","0","TOTAL MOT","-1","N/A","0","false","-1","N/A","0","false","0","true","0","false","7844892328","7536284755","7844892328","4","false","true",
"C","A","20220101","2022","52","2022","842","USA","USA","M","Import","204","BEN","Benin","0","W00","World","H6","HS","true","TOTAL","All Commodities","0","false","C00","TOTAL CPC","0","0","TOTAL MOT","-1","N/A","0","false","-1","N/A","0","false","0","true","0","false","3505031","3264946","3505031","4","false","true",
"C","A","20220101","2022","52","2022","842","USA","USA","M","Import","208","DNK","Denmark","0","W00","World","H6","HS","true","TOTAL","All Commodities","0","false","C00","TOTAL CPC","0","0","TOTAL MOT","-1","N/A","0","false","-1","N/A","0","false","0","true","0","false","13225367810","12983302834","13225367810","4","false","true",
"C","A","20220101","2022","52","2022","842","USA","USA","M","Import","212","DMA","Dominica","0","W00","World","H6","HS","true","TOTAL","All Commodities","0","false","C00","TOTAL CPC","0","0","TOTAL MOT","-1","N/A","0","false","-1","N/A","0","false","0","true","0","false","1607897","1562321","1607897","4","false","true",
"C","A","20220101","2022","52","2022","842","USA","USA","M","Import","214","DOM","Dominican Rep.","0","W00","World","H6","HS","true","TOTAL","All Commodities","0","false","C00","TOTAL CPC","0","0","TOTAL MOT","-1","N/A","0","false","-1","N/A","0","false","0","true","0","false","7143326979","6916102819","7143326979","4","false","true",
"C","A","20220101","2022","52","2022","842","USA","USA","M","Import","218","ECU","Ecuador","0","W00","World","H6","HS","true","TOTAL","All Commodities","0","false","C00","TOTAL CPC","0","0","TOTAL MOT","-1","N/A","0","false","-1","N/A","0","false","0","true","0","false","11039267115","10403822047","11039267115","4","false","true",
"C","A","20220101","2022","52","2022","842","USA","USA","M","Import","222","SLV","El Salvador","0","W00","World","H6","HS","true","TOTAL","All Commodities","0","false","C00","TOTAL CPC","0","0","TOTAL MOT","-1","N/A","0","false","-1","N/A","0","false","0","true","0","false","3037368420","2900525495","3037368420","4","false","true",
"C","A","20220101","2022","52","2022","842","USA","USA","M","Import","226","GNQ","Equatorial Guinea","0","W00","World","H6","HS","true","TOTAL","All Commodities","0","false","C00","TOTAL CPC","0","0","TOTAL MOT","-1","N/A","0","false","-1","N/A","0","false","0","true","0","false","232874030","220708558","232874030","4","false","true",
"C","A","20220101","2022","52","2022","842","USA","USA","M","Import","231","ETH","Ethiopia","0","W00","World","H6","HS","true","TOTAL","All Commodities","0","false","C00","TOTAL CPC","0","0","TOTAL MOT","-1","N/A","0","false","-1","N/A","0","false","0","true","0","false","746450503","716724251","746450503","4","false","true",
"C","A","20220101","2022","52","2022","842","USA","USA","M","Import","232","ERI","Eritrea","0","W00","World","H6","HS","true","TOTAL","All Commodities","0","false","C00","TOTAL CPC","0","0","TOTAL MOT","-1","N/A","0","false","-1","N/A","0","false","0","true","0","false","360167","346382","360167","4","false","true",
"C","A","20220101","2022","52","2022","842","USA","USA","M","Import","233","EST","Estonia","0","W00","World","H6","HS","true","TOTAL","All Commodities","0","false","C00","TOTAL CPC","0","0","TOTAL MOT","-1","N/A","0","false","-1","N/A","0","false","0","true","0","false","1413689000","1373574585","1413689000","4","false","true",
"C","A","20220101","2022","52","2022","842","USA","USA","M","Import","234","FRO","Faroe Isds","0","W00","World","H6","HS","true","TOTAL","All Commodities","0","false","C00","TOTAL CPC","0","0","TOTAL MOT","-1","N/A","0","false","-1","N/A","0","false","0","true","0","false","289474584","252878482","289474584","4","false","true",
"C","A","20220101","2022","52","2022","842","USA","USA","M","Import","238","FLK","Falkland Isds (Malvinas)","0","W00","World","H6","HS","true","TOTAL","All Commodities","0","false","C00","TOTAL CPC","0","0","TOTAL MOT","-1","N/A","0","false","-1","N/A","0","false","0","true","0","false","32108587","31357752","32108587","4","false","true",
"C","A","20220101","2022","52","2022","842","USA","USA","M","Import","242","FJI","Fiji","0","W00","World","H6","HS","true","TOTAL","All Commodities","0","false","C00","TOTAL CPC","0","0","TOTAL MOT","-1","N/A","0","false","-1","N/A","0","false","0","true","0","false","383514564","287317028","383514564","4","false","true",
"C","A","20220101","2022","52","2022","842","USA","USA","M","Import","246","FIN","Finland","0","W00","World","H6","HS","true","TOTAL","All Commodities","0","false","C00","TOTAL CPC","0","0","TOTAL MOT","-1","N/A","0","false","-1","N/A","0","false","0","true","0","false","8995330259","8708068124","8995330259","4","false","true",
"C","A","20220101","2022","52","2022","842","USA","USA","M","Import","251","FRA","France","0","W00","World","H6","HS","true","TOTAL","All Commodities","0","false","C00","TOTAL CPC","0","0","TOTAL MOT","-1","N/A","0","false","-1","N/A","0","false","0","true","0","false","59091426030","57636147264","59091426030","4","false","true",
"C","A","20220101","2022","52","2022","842","USA","USA","M","Import","258","PYF","French Polynesia","0","W00","World","H6","HS","true","TOTAL","All Commodities","0","false","C00","TOTAL CPC","0","0","TOTAL MOT","-1","N/A","0","false","-1","N/A","0","false","0","true","0","false","46257047","41844545","46257047","4","false","true",
"C","A","20220101","2022","52","2022","842","USA","USA","M","Import","260","ATF","Fr. South Antarctic Terr.","0","W00","World","H6","HS","true","TOTAL","All Commodities","0","false","C00","TOTAL CPC","0","0","TOTAL MOT","-1","N/A","0","false","-1","N/A","0","false","0","true","0","false","90807","85353","90807","4","false","true",
"C","A","20220101","2022","52","2022","842","USA","USA","M","Import","262","DJI","Djibouti","0","W00","World","H6","HS","true","TOTAL","All Commodities","0","false","C00","TOTAL CPC","0","0","TOTAL MOT","-1","N/A","0","false","-1","N/A","0","false","0","true","0","false","43025037","42286037","43025037","4","false","true",
"C","A","20220101","2022","52","2022","842","USA","USA","M","Import","266","GAB","Gabon","0","W00","World","H6","HS","true","TOTAL","All Commodities","0","false","C00","TOTAL CPC","0","0","TOTAL MOT","-1","N/A","0","false","-1","N/A","0","false","0","true","0","false","235115160","220216020","235115160","4","false","true",
"C","A","20220101","2022","52","2022","842","USA","USA","M","Import","268","GEO","Georgia","0","W00","World","H6","HS","true","TOTAL","All Commodities","0","false","C00","TOTAL CPC","0","0","TOTAL MOT","-1","N/A","0","false","-1","N/A","0","false","0","true","0","false","361681442","342189114","361681442","4","false","true",
"C","A","20220101","2022","52","2022","842","USA","USA","M","Import","270","GMB","Gambia","0","W00","World","H6","HS","true","TOTAL","All Commodities","0","false","C00","TOTAL CPC","0","0","TOTAL MOT","-1","N/A","0","false","-1","N/A","0","false","0","true","0","false","1509031","1406479","1509031","4","false","true",
"C","A","20220101","2022","52","2022","842","USA","USA","M","Import","275","PSE","State of Palestine","0","W00","World","H6","HS","true","TOTAL","All Commodities","0","false","C00","TOTAL CPC","0","0","TOTAL MOT","-1","N/A","0","false","-1","N/A","0","false","0","true","0","false","11299977","9439565","11299977","4","false","true",
"C","A","20220101","2022","52","2022","842","USA","USA","M","Import","276","DEU","Germany","0","W00","World","H6","HS","true","TOTAL","All Commodities","0","false","C00","TOTAL CPC","0","0","TOTAL MOT","-1","N/A","0","false","-1","N/A","0","false","0","true","0","false","150408499381","146555381930","150408499381","4","false","true",
"C","A","20220101","2022","52","2022","842","USA","USA","M","Import","288","GHA","Ghana","0","W00","World","H6","HS","true","TOTAL","All Commodities","0","false","C00","TOTAL CPC","0","0","TOTAL MOT","-1","N/A","0","false","-1","N/A","0","false","0","true","0","false","2836636084","2767870985","2836636084","4","false","true",
"C","A","20220101","2022","52","2022","842","USA","USA","M","Import","292","GIB","Gibraltar","0","W00","World","H6","HS","true","TOTAL","All Commodities","0","false","C00","TOTAL CPC","0","0","TOTAL MOT","-1","N/A","0","false","-1","N/A","0","false","0","true","0","false","2452379","2418479","2452379","4","false","true",
"C","A","20220101","2022","52","2022","842","USA","USA","M","Import","296","KIR","Kiribati","0","W00","World","H6","HS","true","TOTAL","All Commodities","0","false","C00","TOTAL CPC","0","0","TOTAL MOT","-1","N/A","0","false","-1","N/A","0","false","0","true","0","false","1718497","1689027","1718497","4","false","true",
"C","A","20220101","2022","52","2022","842","USA","USA","M","Import","300","GRC","Greece","0","W00","World","H6","HS","true","TOTAL","All Commodities","0","false","C00","TOTAL CPC","0","0","TOTAL MOT","-1","N/A","0","false","-1","N/A","0","false","0","true","0","false","2499183258","2283233450","2499183258","4","false","true",
"C","A","20220101","2022","52","2022","842","USA","USA","M","Import","304","GRL","Greenland","0","W00","World","H6","HS","true","TOTAL","All Commodities","0","false","C00","TOTAL CPC","0","0","TOTAL MOT","-1","N/A","0","false","-1","N/A","0","false","0","true","0","false","36762189","36185151","36762189","4","false","true",
"C","A","20220101","2022","52","2022","842","USA","USA","M","Import","308","GRD","Grenada","0","W00","World","H6","HS","true","TOTAL","All Commodities","0","false","C00","TOTAL CPC","0","0","TOTAL MOT","-1","N/A","0","false","-1","N/A","0","false","0","true","0","false","18785675","16701130","18785675","4","false","true",
"C","A","20220101","2022","52","2022","842","USA","USA","M","Import","320","GTM","Guatemala","0","W00","World","H6","HS","true","TOTAL","All Commodities","0","false","C00","TOTAL CPC","0","0","TOTAL MOT","-1","N/A","0","false","-1","N/A","0","false","0","true","0","false","5795784806","5313477459","5795784806","4","false","true",
"C","A","20220101","2022","52","2022","842","USA","USA","M","Import","324","GIN","Guinea","0","W00","World","H6","HS","true","TOTAL","All Commodities","0","false","C00","TOTAL CPC","0","0","TOTAL MOT","-1","N/A","0","false","-1","N/A","0","false","0","true","0","false","8349854","7381573","8349854","4","false","true",
"C","A","20220101","2022","52","2022","842","USA","USA","M","Import","328","GUY","Guyana","0","W00","World","H6","HS","true","TOTAL","All Commodities","0","false","C00","TOTAL CPC","0","0","TOTAL MOT","-1","N/A","0","false","-1","N/A","0","false","0","true","0","false","2886021146","2818030473","2886021146","4","false","true",
"C","A","20220101","2022","52","2022","842","USA","USA","M","Import","332","HTI","Haiti","0","W00","World","H6","HS","true","TOTAL","All Commodities","0","false","C00","TOTAL CPC","0","0","TOTAL MOT","-1","N/A","0","false","-1","N/A","0","false","0","true","0","false","1085695980","1045588836","1085695980","4","false","true",
"C","A","20220101","2022","52","2022","842","USA","USA","M","Import","334","HMD","Heard Island and McDonald Islands","0","W00","World","H6","HS","true","TOTAL","All Commodities","0","false","C00","TOTAL CPC","0","0","TOTAL MOT","-1","N/A","0","false","-1","N/A","0","false","0","true","0","false","1406320","1403177","1406320","4","false","true",
"C","A","20220101","2022","52","2022","842","USA","USA","M","Import","336","VAT","Holy See (Vatican City State)","0","W00","World","H6","HS","true","TOTAL","All Commodities","0","false","C00","TOTAL CPC","0","0","TOTAL MOT","-1","N/A","0","false","-1","N/A","0","false","0","true","0","false","3915776","3506325","3915776","4","false","true",
"C","A","20220101","2022","52","2022","842","USA","USA","M","Import","340","HND","Honduras","0","W00","World","H6","HS","true","TOTAL","All Commodities","0","false","C00","TOTAL CPC","0","0","TOTAL MOT","-1","N/A","0","false","-1","N/A","0","false","0","true","0","false","6368160845","6072961813","6368160845","4","false","true",
"C","A","20220101","2022","52","2022","842","USA","USA","M","Import","344","HKG","China, Hong Kong SAR","0","W00","World","H6","HS","true","TOTAL","All Commodities","0","false","C00","TOTAL CPC","0","0","TOTAL MOT","-1","N/A","0","false","-1","N/A","0","false","0","true","0","false","4934094601","4799221670","4934094601","4","false","true",
"C","A","20220101","2022","52","2022","842","USA","USA","M","Import","348","HUN","Hungary","0","W00","World","H6","HS","true","TOTAL","All Commodities","0","false","C00","TOTAL CPC","0","0","TOTAL MOT","-1","N/A","0","false","-1","N/A","0","false","0","true","0","false","7892666232","7704841460","7892666232","4","false","true",
"C","A","20220101","2022","52","2022","842","USA","USA","M","Import","352","ISL","Iceland","0","W00","World","H6","HS","true","TOTAL","All Commodities","0","false","C00","TOTAL CPC","0","0","TOTAL MOT","-1","N/A","0","false","-1","N/A","0","false","0","true","0","false","759732707","717368740","759732707","4","false","true",
"C","A","20220101","2022","52","2022","842","USA","USA","M","Import","360","IDN","Indonesia","0","W00","World","H6","HS","true","TOTAL","All Commodities","0","false","C00","TOTAL CPC","0","0","TOTAL MOT","-1","N/A","0","false","-1","N/A","0","false","0","true","0","false","37263064591","34566682337","37263064591","4","false","true",
"C","A","20220101","2022","52","2022","842","USA","USA","M","Import","364","IRN","Iran","0","W00","World","H6","HS","true","TOTAL","All Commodities","0","false","C00","TOTAL CPC","0","0","TOTAL MOT","-1","N/A","0","false","-1","N/A","0","false","0","true","0","false","11226950","11180647","11226950","4","false","true",
"C","A","20220101","2022","52","2022","842","USA","USA","M","Import","368","IRQ","Iraq","0","W00","World","H6","HS","true","TOTAL","All Commodities","0","false","C00","TOTAL CPC","0","0","TOTAL MOT","-1","N/A","0","false","-1","N/A","0","false","0","true","0","false","10343130638","10056006426","10343130638","4","false","true",
"C","A","20220101","2022","52","2022","842","USA","USA","M","Import","372","IRL","Ireland","0","W00","World","H6","HS","true","TOTAL","All Commodities","0","false","C00","TOTAL CPC","0","0","TOTAL MOT","-1","N/A","0","false","-1","N/A","0","false","0","true","0","false","82505715775","82034480970","82505715775","4","false","true",
"C","A","20220101","2022","52","2022","842","USA","USA","M","Import","376","ISR","Israel","0","W00","World","H6","HS","true","TOTAL","All Commodities","0","false","C00","TOTAL CPC","0","0","TOTAL MOT","-1","N/A","0","false","-1","N/A","0","false","0","true","0","false","21865297788","21441795448","21865297788","4","false","true",
"C","A","20220101","2022","52","2022","842","USA","USA","M","Import","380","ITA","Italy","0","W00","World","H6","HS","true","TOTAL","All Commodities","0","false","C00","TOTAL CPC","0","0","TOTAL MOT","-1","N/A","0","false","-1","N/A","0","false","0","true","0","false","71874907421","69124723588","71874907421","4","false","true",
"C","A","20220101","2022","52","2022","842","USA","USA","M","Import","384","CIV","Côte d'Ivoire","0","W00","World","H6","HS","true","TOTAL","All Commodities","0","false","C00","TOTAL CPC","0","0","TOTAL MOT","-1","N/A","0","false","-1","N/A","0","false","0","true","0","false","1113433482","1054978623","1113433482","4","false","true",
"C","A","20220101","2022","52","2022","842","USA","USA","M","Import","388","JAM","Jamaica","0","W00","World","H6","HS","true","TOTAL","All Commodities","0","false","C00","TOTAL CPC","0","0","TOTAL MOT","-1","N/A","0","false","-1","N/A","0","false","0","true","0","false","366933538","349637497","366933538","4","false","true",
"C","A","20220101","2022","52","2022","842","USA","USA","M","Import","392","JPN","Japan","0","W00","World","H6","HS","true","TOTAL","All Commodities","0","false","C00","TOTAL CPC","0","0","TOTAL MOT","-1","N/A","0","false","-1","N/A","0","false","0","true","0","false","154445161543","148329293664","154445161543","4","false","true",
"C","A","20220101","2022","52","2022","842","USA","USA","M","Import","398","KAZ","Kazakhstan","0","W00","World","H6","HS","true","TOTAL","All Commodities","0","false","C00","TOTAL CPC","0","0","TOTAL MOT","-1","N/A","0","false","-1","N/A","0","false","0","true","0","false","2737379769","2652950986","2737379769","4","false","true",
"C","A","20220101","2022","52","2022","842","USA","USA","M","Import","400","JOR","Jordan","0","W00","World","H6","HS","true","TOTAL","All Commodities","0","false","C00","TOTAL CPC","0","0","TOTAL MOT","-1","N/A","0","false","-1","N/A","0","false","0","true","0","false","3162125520","3045353320","3162125520","4","false","true",
"C","A","20220101","2022","52","2022","842","USA","USA","M","Import","404","KEN","Kenya","0","W00","World","H6","HS","true","TOTAL","All Commodities","0","false","C00","TOTAL CPC","0","0","TOTAL MOT","-1","N/A","0","false","-1","N/A","0","false","0","true","0","false","924677831","892605559","924677831","4","false","true",
"C","A","20220101","2022","52","2022","842","USA","USA","M","Import","408","PRK","Dem. People's Rep. of Korea","0","W00","World","H6","HS","true","TOTAL","All Commodities","0","false","C00","TOTAL CPC","0","0","TOTAL MOT","-1","N/A","0","false","-1","N/A","0","false","0","false","0","false","29088","29088","29088","0","false","true",
"C","A","20220101","2022","52","2022","842","USA","USA","M","Import","410","KOR","Rep. of Korea","0","W00","World","H6","HS","true","TOTAL","All Commodities","0","false","C00","TOTAL CPC","0","0","TOTAL MOT","-1","N/A","0","false","-1","N/A","0","false","0","true","0","false","120859256396","115325529001","120859256396","4","false","true",
"C","A","20220101","2022","52","2022","842","USA","USA","M","Import","414","KWT","Kuwait","0","W00","World","H6","HS","true","TOTAL","All Commodities","0","false","C00","TOTAL CPC","0","0","TOTAL MOT","-1","N/A","0","false","-1","N/A","0","false","0","true","0","false","2126581988","2049630527","2126581988","4","false","true",
"C","A","20220101","2022","52","2022","842","USA","USA","M","Import","417","KGZ","Kyrgyzstan","0","W00","World","H6","HS","true","TOTAL","All Commodities","0","false","C00","TOTAL CPC","0","0","TOTAL MOT","-1","N/A","0","false","-1","N/A","0","false","0","true","0","false","10063640","9582293","10063640","4","false","true",
"C","A","20220101","2022","52","2022","842","USA","USA","M","Import","418","LAO","Lao People's Dem. Rep.","0","W00","World","H6","HS","true","TOTAL","All Commodities","0","false","C00","TOTAL CPC","0","0","TOTAL MOT","-1","N/A","0","false","-1","N/A","0","false","0","true","0","false","283568593","273259531","283568593","4","false","true",
"C","A","20220101","2022","52","2022","842","USA","USA","M","Import","422","LBN","Lebanon","0","W00","World","H6","HS","true","TOTAL","All Commodities","0","false","C00","TOTAL CPC","0","0","TOTAL MOT","-1","N/A","0","false","-1","N/A","0","false","0","true","0","false","221345373","211466936","221345373","4","false","true",
"C","A","20220101","2022","52","2022","842","USA","USA","M","Import","426","LSO","Lesotho","0","W00","World","H6","HS","true","TOTAL","All Commodities","0","false","C00","TOTAL CPC","0","0","TOTAL MOT","-1","N/A","0","false","-1","N/A","0","false","0","true","0","false","359413530","349544471","359413530","4","false","true",
"C","A","20220101","2022","52","2022","842","USA","USA","M","Import","428","LVA","Latvia","0","W00","World","H6","HS","true","TOTAL","All Commodities","0","false","C00","TOTAL CPC","0","0","TOTAL MOT","-1","N/A","0","false","-1","N/A","0","false","0","true","0","false","800768087","749176539","800768087","4","false","true",
"C","A","20220101","2022","52","2022","842","USA","USA","M","Import","430","LBR","Liberia","0","W00","World","H6","HS","true","TOTAL","All Commodities","0","false","C00","TOTAL CPC","0","0","TOTAL MOT","-1","N/A","0","false","-1","N/A","0","false","0","true","0","false","89757847","80649012","89757847","4","false","true",
"C","A","20220101","2022","52","2022","842","USA","USA","M","Import","434","LBY","Libya","0","W00","World","H6","HS","true","TOTAL","All Commodities","0","false","C00","TOTAL CPC","0","0","TOTAL MOT","-1","N/A","0","false","-1","N/A","0","false","0","true","0","false","2245818944","2204083344","2245818944","4","false","true",
"C","A","20220101","2022","52","2022","842","USA","USA","M","Import","440","LTU","Lithuania","0","W00","World","H6","HS","true","TOTAL","All Commodities","0","false","C00","TOTAL CPC","0","0","TOTAL MOT","-1","N/A","0","false","-1","N/A","0","false","0","true","0","false","2777725054","2629771188","2777725054","4","false","true",
"C","A","20220101","2022","52","2022","842","USA","USA","M","Import","442","LUX","Luxembourg","0","W00","World","H6","HS","true","TOTAL","All Commodities","0","false","C00","TOTAL CPC","0","0","TOTAL MOT","-1","N/A","0","false","-1","N/A","0","false","0","true","0","false","773544025","742826694","773544025","4","false","true",
"C","A","20220101","2022","52","2022","842","USA","USA","M","Import","446","MAC","China, Macao SAR","0","W00","World","H6","HS","true","TOTAL","All Commodities","0","false","C00","TOTAL CPC","0","0","TOTAL MOT","-1","N/A","0","false","-1","N/A","0","false","0","true","0","false","167119363","162281047","167119363","4","false","true",
"C","A","20220101","2022","52","2022","842","USA","USA","M","Import","450","MDG","Madagascar","0","W00","World","H6","HS","true","TOTAL","All Commodities","0","false","C00","TOTAL CPC","0","0","TOTAL MOT","-1","N/A","0","false","-1","N/A","0","false","0","true","0","false","936345371","912230257","936345371","4","false","true",
"C","A","20220101","2022","52","2022","842","USA","USA","M","Import","454","MWI","Malawi","0","W00","World","H6","HS","true","TOTAL","All Commodities","0","false","C00","TOTAL CPC","0","0","TOTAL MOT","-1","N/A","0","false","-1","N/A","0","false","0","true","0","false","57147283","54005871","57147283","4","false","true",
"C","A","20220101","2022","52","2022","842","USA","USA","M","Import","458","MYS","Malaysia","0","W00","World","H6","HS","true","TOTAL","All Commodities","0","false","C00","TOTAL CPC","0","0","TOTAL MOT","-1","N/A","0","false","-1","N/A","0","false","0","true","0","false","56896643094","54752365789","56896643094","4","false","true",
"C","A","20220101","2022","52","2022","842","USA","USA","M","Import","462","MDV","Maldives","0","W00","World","H6","HS","true","TOTAL","All Commodities","0","false","C00","TOTAL CPC","0","0","TOTAL MOT","-1","N/A","0","false","-1","N/A","0","false","0","true","0","false","20763361","16891768","20763361","4","false","true",
"C","A","20220101","2022","52","2022","842","USA","USA","M","Import","466","MLI","Mali","0","W00","World","H6","HS","true","TOTAL","All Commodities","0","false","C00","TOTAL CPC","0","0","TOTAL MOT","-1","N/A","0","false","-1","N/A","0","false","0","true","0","false","5658482","5430444","5658482","4","false","true",
"C","A","20220101","2022","52","2022","842","USA","USA","M","Import","470","MLT","Malta","0","W00","World","H6","HS","true","TOTAL","All Commodities","0","false","C00","TOTAL CPC","0","0","TOTAL MOT","-1","N/A","0","false","-1","N/A","0","false","0","true","0","false","263369293","258946553","263369293","4","false","true",
"C","A","20220101","2022","52","2022","842","USA","USA","M","Import","478","MRT","Mauritania","0","W00","World","H6","HS","true","TOTAL","All Commodities","0","false","C00","TOTAL CPC","0","0","TOTAL MOT","-1","N/A","0","false","-1","N/A","0","false","0","true","0","false","6938549","6185576","6938549","4","false","true",
"C","A","20220101","2022","52","2022","842","USA","USA","M","Import","480","MUS","Mauritius","0","W00","World","H6","HS","true","TOTAL","All Commodities","0","false","C00","TOTAL CPC","0","0","TOTAL MOT","-1","N/A","0","false","-1","N/A","0","false","0","true","0","false","302587375","285266816","302587375","4","false","true",
"C","A","20220101","2022","52","2022","842","USA","USA","M","Import","484","MEX","Mexico","0","W00","World","H6","HS","true","TOTAL","All Commodities","0","false","C00","TOTAL CPC","0","0","TOTAL MOT","-1","N/A","0","false","-1","N/A","0","false","0","true","0","false","459177656357","454902693205","459177656357","4","false","true",
"C","A","20220101","2022","52","2022","842","USA","USA","M","Import","490","S19","Other Asia, nes","0","W00","World","H6","HS","true","TOTAL","All Commodities","0","false","C00","TOTAL CPC","0","0","TOTAL MOT","-1","N/A","0","false","-1","N/A","0","false","0","true","0","false","96075308469","91844599269","96075308469","4","false","true",
"C","A","20220101","2022","52","2022","842","USA","USA","M","Import","496","MNG","Mongolia","0","W00","World","H6","HS","true","TOTAL","All Commodities","0","false","C00","TOTAL CPC","0","0","TOTAL MOT","-1","N/A","0","false","-1","N/A","0","false","0","true","0","false","27242189","26558467","27242189","4","false","true",
"C","A","20220101","2022","52","2022","842","USA","USA","M","Import","498","MDA","Rep. of Moldova","0","W00","World","H6","HS","true","TOTAL","All Commodities","0","false","C00","TOTAL CPC","0","0","TOTAL MOT","-1","N/A","0","false","-1","N/A","0","false","0","true","0","false","98023323","91575238","98023323","4","false","true",
"C","A","20220101","2022","52","2022","842","USA","USA","M","Import","499","MNE","Montenegro","0","W00","World","H6","HS","true","TOTAL","All Commodities","0","false","C00","TOTAL CPC","0","0","TOTAL MOT","-1","N/A","0","false","-1","N/A","0","false","0","true","0","false","6167410","5844520","6167410","4","false","true",
"C","A","20220101","2022","52","2022","842","USA","USA","M","Import","500","MSR","Montserrat","0","W00","World","H6","HS","true","TOTAL","All Commodities","0","false","C00","TOTAL CPC","0","0","TOTAL MOT","-1","N/A","0","false","-1","N/A","0","false","0","true","0","false","1667851","1485528","1667851","4","false","true",
"C","A","20220101","2022","52","2022","842","USA","USA","M","Import","504","MAR","Morocco","0","W00","World","H6","HS","true","TOTAL","All Commodities","0","false","C00","TOTAL CPC","0","0","TOTAL MOT","-1","N/A","0","false","-1","N/A","0","false","0","true","0","false","1798590688","1701224878","1798590688","4","false","true",
"C","A","20220101","2022","52","2022","842","USA","USA","M","Import","508","MOZ","Mozambique","0","W00","World","H6","HS","true","TOTAL","All Commodities","0","false","C00","TOTAL CPC","0","0","TOTAL MOT","-1","N/A","0","false","-1","N/A","0","false","0","true","0","false","180522561","176981889","180522561","4","false","true",
"C","A","20220101","2022","52","2022","842","USA","USA","M","Import","512","OMN","Oman","0","W00","World","H6","HS","true","TOTAL","All Commodities","0","false","C00","TOTAL CPC","0","0","TOTAL MOT","-1","N/A","0","false","-1","N/A","0","false","0","true","0","false","2981322620","2727684769","2981322620","4","false","true",
"C","A","20220101","2022","52","2022","842","USA","USA","M","Import","516","NAM","Namibia","0","W00","World","H6","HS","true","TOTAL","All Commodities","0","false","C00","TOTAL CPC","0","0","TOTAL MOT","-1","N/A","0","false","-1","N/A","0","false","0","true","0","false","254209265","249393366","254209265","4","false","true",
"C","A","20220101","2022","52","2022","842","USA","USA","M","Import","520","NRU","Nauru","0","W00","World","H6","HS","true","TOTAL","All Commodities","0","false","C00","TOTAL CPC","0","0","TOTAL MOT","-1","N/A","0","false","-1","N/A","0","false","0","true","0","false","2586448","2528009","2586448","4","false","true",
"C","A","20220101","2022","52","2022","842","USA","USA","M","Import","524","NPL","Nepal","0","W00","World","H6","HS","true","TOTAL","All Commodities","0","false","C00","TOTAL CPC","0","0","TOTAL MOT","-1","N/A","0","false","-1","N/A","0","false","0","true","0","false","143253995","132415999","143253995","4","false","true",
"C","A","20220101","2022","52","2022","842","USA","USA","M","Import","528","NLD","Netherlands","0","W00","World","H6","HS","true","TOTAL","All Commodities","0","false","C00","TOTAL CPC","0","0","TOTAL MOT","-1","N/A","0","false","-1","N/A","0","false","0","true","0","false","35602485839","34532018166","35602485839","4","false","true",
"C","A","20220101","2022","52","2022","842","USA","USA","M","Import","531","CUW","Curaçao","0","W00","World","H6","HS","true","TOTAL","All Commodities","0","false","C00","TOTAL CPC","0","0","TOTAL MOT","-1","N/A","0","false","-1","N/A","0","false","0","true","0","false","51144715","47584081","51144715","4","false","true",
"C","A","20220101","2022","52","2022","842","USA","USA","M","Import","533","ABW","Aruba","0","W00","World","H6","HS","true","TOTAL","All Commodities","0","false","C00","TOTAL CPC","0","0","TOTAL MOT","-1","N/A","0","false","-1","N/A","0","false","0","true","0","false","15060823","14550127","15060823","4","false","true",
"C","A","20220101","2022","52","2022","842","USA","USA","M","Import","534","SXM","Sint Maarten","0","W00","World","H6","HS","true","TOTAL","All Commodities","0","false","C00","TOTAL CPC","0","0","TOTAL MOT","-1","N/A","0","false","-1","N/A","0","false","0","true","0","false","80082088","79754394","80082088","4","false","true",
"C","A","20220101","2022","52","2022","842","USA","USA","M","Import","540","NCL","New Caledonia","0","W00","World","H6","HS","true","TOTAL","All Commodities","0","false","C00","TOTAL CPC","0","0","TOTAL MOT","-1","N/A","0","false","-1","N/A","0","false","0","true","0","false","46305202","43763787","46305202","4","false","true",
"C","A","20220101","2022","52","2022","842","USA","USA","M","Import","548","VUT","Vanuatu","0","W00","World","H6","HS","true","TOTAL","All Commodities","0","false","C00","TOTAL CPC","0","0","TOTAL MOT","-1","N/A","0","false","-1","N/A","0","false","0","true","0","false","7055479","6714647","7055479","4","false","true",
"C","A","20220101","2022","52","2022","842","USA","USA","M","Import","554","NZL","New Zealand","0","W00","World","H6","HS","true","TOTAL","All Commodities","0","false","C00","TOTAL CPC","0","0","TOTAL MOT","-1","N/A","0","false","-1","N/A","0","false","0","true","0","false","5633932244","5379636588","5633932244","4","false","true",
"C","A","20220101","2022","52","2022","842","USA","USA","M","Import","558","NIC","Nicaragua","0","W00","World","H6","HS","true","TOTAL","All Commodities","0","false","C00","TOTAL CPC","0","0","TOTAL MOT","-1","N/A","0","false","-1","N/A","0","false","0","true","0","false","5896244430","5727919710","5896244430","4","false","true",
"C","A","20220101","2022","52","2022","842","USA","USA","M","Import","562","NER","Niger","0","W00","World","H6","HS","true","TOTAL","All Commodities","0","false","C00","TOTAL CPC","0","0","TOTAL MOT","-1","N/A","0","false","-1","N/A","0","false","0","true","0","false","73935310","73134100","73935310","4","false","true",
"C","A","20220101","2022","52","2022","842","USA","USA","M","Import","566","NGA","Nigeria","0","W00","World","H6","HS","true","TOTAL","All Commodities","0","false","C00","TOTAL CPC","0","0","TOTAL MOT","-1","N/A","0","false","-1","N/A","0","false","0","true","0","false","4881248872","4780126094","4881248872","4","false","true",
"C","A","20220101","2022","52","2022","842","USA","USA","M","Import","570","NIU","Niue","0","W00","World","H6","HS","true","TOTAL","All Commodities","0","false","C00","TOTAL CPC","0","0","TOTAL MOT","-1","N/A","0","false","-1","N/A","0","false","0","true","0","false","2649713","2627450","2649713","4","false","true",
"C","A","20220101","2022","52","2022","842","USA","USA","M","Import","574","NFK","Norfolk Isds","0","W00","World","H6","HS","true","TOTAL","All Commodities","0","false","C00","TOTAL CPC","0","0","TOTAL MOT","-1","N/A","0","false","-1","N/A","0","false","0","true","0","false","273334","271194","273334","4","false","true",
"C","A","20220101","2022","52","2022","842","USA","USA","M","Import","579","NOR","Norway","0","W00","World","H6","HS","true","TOTAL","All Commodities","0","false","C00","TOTAL CPC","0","0","TOTAL MOT","-1","N/A","0","false","-1","N/A","0","false","0","true","0","false","6964798730","6665089625","6964798730","4","false","true",
"C","A","20220101","2022","52","2022","842","USA","USA","M","Import","583","FSM","FS Micronesia","0","W00","World","H6","HS","true","TOTAL","All Commodities","0","false","C00","TOTAL CPC","0","0","TOTAL MOT","-1","N/A","0","false","-1","N/A","0","false","0","true","0","false","2297250","2163571","2297250","4","false","true",
"C","A","20220101","2022","52","2022","842","USA","USA","M","Import","584","MHL","Marshall Isds","0","W00","World","H6","HS","true","TOTAL","All Commodities","0","false","C00","TOTAL CPC","0","0","TOTAL MOT","-1","N/A","0","false","-1","N/A","0","false","0","true","0","false","20575570","17096151","20575570","4","false","true",
"C","A","20220101","2022","52","2022","842","USA","USA","M","Import","585","PLW","Palau","0","W00","World","H6","HS","true","TOTAL","All Commodities","0","false","C00","TOTAL CPC","0","0","TOTAL MOT","-1","N/A","0","false","-1","N/A","0","false","0","true","0","false","802430","736406","802430","4","false","true",
"C","A","20220101","2022","52","2022","842","USA","USA","M","Import","586","PAK","Pakistan","0","W00","World","H6","HS","true","TOTAL","All Commodities","0","false","C00","TOTAL CPC","0","0","TOTAL MOT","-1","N/A","0","false","-1","N/A","0","false","0","true","0","false","6559919042","5999095295","6559919042","4","false","true",
"C","A","20220101","2022","52","2022","842","USA","USA","M","Import","591","PAN","Panama","0","W00","World","H6","HS","true","TOTAL","All Commodities","0","false","C00","TOTAL CPC","0","0","TOTAL MOT","-1","N/A","0","false","-1","N/A","0","false","0","true","0","false","549168988","522856710","549168988","4","false","true",
"C","A","20220101","2022","52","2022","842","USA","USA","M","Import","598","PNG","Papua New Guinea","0","W00","World","H6","HS","true","TOTAL","All Commodities","0","false","C00","TOTAL CPC","0","0","TOTAL MOT","-1","N/A","0","false","-1","N/A","0","false","0","true","0","false","76278685","73257893","76278685","4","false","true",
"C","A","20220101","2022","52","2022","842","USA","USA","M","Import","600","PRY","Paraguay","0","W00","World","H6","HS","true","TOTAL","All Commodities","0","false","C00","TOTAL CPC","0","0","TOTAL MOT","-1","N/A","0","false","-1","N/A","0","false","0","true","0","false","291355401","270296026","291355401","4","false","true",
"C","A","20220101","2022","52","2022","842","USA","USA","M","Import","604","PER","Peru","0","W00","World","H6","HS","true","TOTAL","All Commodities","0","false","C00","TOTAL CPC","0","0","TOTAL MOT","-1","N/A","0","false","-1","N/A","0","false","0","true","0","false","9272341964","8608707380","9272341964","4","false","true",
"C","A","20220101","2022","52","2022","842","USA","USA","M","Import","608","PHL","Philippines","0","W00","World","H6","HS","true","TOTAL","All Commodities","0","false","C00","TOTAL CPC","0","0","TOTAL MOT","-1","N/A","0","false","-1","N/A","0","false","0","true","0","false","16876576518","16172994552","16876576518","4","false","true",
"C","A","20220101","2022","52","2022","842","USA","USA","M","Import","612","PCN","Pitcairn","0","W00","World","H6","HS","true","TOTAL","All Commodities","0","false","C00","TOTAL CPC","0","0","TOTAL MOT","-1","N/A","0","false","-1","N/A","0","false","0","true","0","false","514705","506661","514705","4","false","true",
"C","A","20220101","2022","52","2022","842","USA","USA","M","Import","616","POL","Poland","0","W00","World","H6","HS","true","TOTAL","All Commodities","0","false","C00","TOTAL CPC","0","0","TOTAL MOT","-1","N/A","0","false","-1","N/A","0","false","0","true","0","false","12532877375","11902230216","12532877375","4","false","true",
"C","A","20220101","2022","52","2022","842","USA","USA","M","Import","620","PRT","Portugal","0","W00","World","H6","HS","true","TOTAL","All Commodities","0","false","C00","TOTAL CPC","0","0","TOTAL MOT","-1","N/A","0","false","-1","N/A","0","false","0","true","0","false","6466332634","6160905532","6466332634","4","false","true",
"C","A","20220101","2022","52","2022","842","USA","USA","M","Import","624","GNB","Guinea-Bissau","0","W00","World","H6","HS","true","TOTAL","All Commodities","0","false","C00","TOTAL CPC","0","0","TOTAL MOT","-1","N/A","0","false","-1","N/A","0","false","0","true","0","false","17818","15796","17818","4","false","true",
"C","A","20220101","2022","52","2022","842","USA","USA","M","Import","626","TLS","Timor-Leste","0","W00","World","H6","HS","true","TOTAL","All Commodities","0","false","C00","TOTAL CPC","0","0","TOTAL MOT","-1","N/A","0","false","-1","N/A","0","false","0","true","0","false","10659691","10439867","10659691","4","false","true",
"C","A","20220101","2022","52","2022","842","USA","USA","M","Import","634","QAT","Qatar","0","W00","World","H6","HS","true","TOTAL","All Commodities","0","false","C00","TOTAL CPC","0","0","TOTAL MOT","-1","N/A","0","false","-1","N/A","0","false","0","true","0","false","3020099545","2921650438","3020099545","4","false","true",
"C","A","20220101","2022","52","2022","842","USA","USA","M","Import","642","ROU","Romania","0","W00","World","H6","HS","true","TOTAL","All Commodities","0","false","C00","TOTAL CPC","0","0","TOTAL MOT","-1","N/A","0","false","-1","N/A","0","false","0","true","0","false","3942156241","3781970953","3942156241","4","false","true",
"C","A","20220101","2022","52","2022","842","USA","USA","M","Import","643","RUS","Russian Federation","0","W00","World","H6","HS","true","TOTAL","All Commodities","0","false","C00","TOTAL CPC","0","0","TOTAL MOT","-1","N/A","0","false","-1","N/A","0","false","0","true","0","false","15071041473","14457720491","15071041473","4","false","true",
"C","A","20220101","2022","52","2022","842","USA","USA","M","Import","646","RWA","Rwanda","0","W00","World","H6","HS","true","TOTAL","All Commodities","0","false","C00","TOTAL CPC","0","0","TOTAL MOT","-1","N/A","0","false","-1","N/A","0","false","0","true","0","false","59362885","57332094","59362885","4","false","true",
"C","A","20220101","2022","52","2022","842","USA","USA","M","Import","654","SHN","Saint Helena","0","W00","World","H6","HS","true","TOTAL","All Commodities","0","false","C00","TOTAL CPC","0","0","TOTAL MOT","-1","N/A","0","false","-1","N/A","0","false","0","true","0","false","22058337","21570581","22058337","4","false","true",
"C","A","20220101","2022","52","2022","842","USA","USA","M","Import","659","KNA","Saint Kitts and Nevis","0","W00","World","H6","HS","true","TOTAL","All Commodities","0","false","C00","TOTAL CPC","0","0","TOTAL MOT","-1","N/A","0","false","-1","N/A","0","false","0","true","0","false","32077068","31038375","32077068","4","false","true",
"C","A","20220101","2022","52","2022","842","USA","USA","M","Import","660","AIA","Anguilla","0","W00","World","H6","HS","true","TOTAL","All Commodities","0","false","C00","TOTAL CPC","0","0","TOTAL MOT","-1","N/A","0","false","-1","N/A","0","false","0","true","0","false","5796858","5712335","5796858","4","false","true",
"C","A","20220101","2022","52","2022","842","USA","USA","M","Import","662","LCA","Saint Lucia","0","W00","World","H6","HS","true","TOTAL","All Commodities","0","false","C00","TOTAL CPC","0","0","TOTAL MOT","-1","N/A","0","false","-1","N/A","0","false","0","true","0","false","11939827","11464219","11939827","4","false","true",
"C","A","20220101","2022","52","2022","842","USA","USA","M","Import","666","SPM","Saint Pierre and Miquelon","0","W00","World","H6","HS","true","TOTAL","All Commodities","0","false","C00","TOTAL CPC","0","0","TOTAL MOT","-1","N/A","0","false","-1","N/A","0","false","0","false","0","false","19611","18411","19611","0","false","true",
"C","A","20220101","2022","52","2022","842","USA","USA","M","Import","670","VCT","Saint Vincent and the Grenadines","0","W00","World","H6","HS","true","TOTAL","All Commodities","0","false","C00","TOTAL CPC","0","0","TOTAL MOT","-1","N/A","0","false","-1","N/A","0","false","0","true","0","false","8972149","8644088","8972149","4","false","true",
"C","A","20220101","2022","52","2022","842","USA","USA","M","Import","674","SMR","San Marino","0","W00","World","H6","HS","true","TOTAL","All Commodities","0","false","C00","TOTAL CPC","0","0","TOTAL MOT","-1","N/A","0","false","-1","N/A","0","false","0","true","0","false","20221029","19323399","20221029","4","false","true",
"C","A","20220101","2022","52","2022","842","USA","USA","M","Import","678","STP","Sao Tome and Principe","0","W00","World","H6","HS","true","TOTAL","All Commodities","0","false","C00","TOTAL CPC","0","0","TOTAL MOT","-1","N/A","0","false","-1","N/A","0","false","0","true","0","false","911751","886806","911751","4","false","true",
"C","A","20220101","2022","52","2022","842","USA","USA","M","Import","682","SAU","Saudi Arabia","0","W00","World","H6","HS","true","TOTAL","All Commodities","0","false","C00","TOTAL CPC","0","0","TOTAL MOT","-1","N/A","0","false","-1","N/A","0","false","0","true","0","false","24149320152","23461489060","24149320152","4","false","true",
"C","A","20220101","2022","52","2022","842","USA","USA","M","Import","686","SEN","Senegal","0","W00","World","H6","HS","true","TOTAL","All Commodities","0","false","C00","TOTAL CPC","0","0","TOTAL MOT","-1","N/A","0","false","-1","N/A","0","false","0","true","0","false","509737790","503797132","509737790","4","false","true",
"C","A","20220101","2022","52","2022","842","USA","USA","M","Import","688","SRB","Serbia","0","W00","World","H6","HS","true","TOTAL","All Commodities","0","false","C00","TOTAL CPC","0","0","TOTAL MOT","-1","N/A","0","false","-1","N/A","0","false","0","true","0","false","903613894","850894318","903613894","4","false","true",
"C","A","20220101","2022","52","2022","842","USA","USA","M","Import","690","SYC","Seychelles","0","W00","World","H6","HS","true","TOTAL","All Commodities","0","false","C00","TOTAL CPC","0","0","TOTAL MOT","-1","N/A","0","false","-1","N/A","0","false","0","true","0","false","14598292","12412478","14598292","4","false","true",
"C","A","20220101","2022","52","2022","842","USA","USA","M","Import","694","SLE","Sierra Leone","0","W00","World","H6","HS","true","TOTAL","All Commodities","0","false","C00","TOTAL CPC","0","0","TOTAL MOT","-1","N/A","0","false","-1","N/A","0","false","0","true","0","false","18426013","17587757","18426013","4","false","true",
"C","A","20220101","2022","52","2022","842","USA","USA","M","Import","699","IND","India","0","W00","World","H6","HS","true","TOTAL","All Commodities","0","false","C00","TOTAL CPC","0","0","TOTAL MOT","-1","N/A","0","false","-1","N/A","0","false","0","true","0","false","90991853182","85670471578","90991853182","4","false","true",
"C","A","20220101","2022","52","2022","842","USA","USA","M","Import","702","SGP","Singapore","0","W00","World","H6","HS","true","TOTAL","All Commodities","0","false","C00","TOTAL CPC","0","0","TOTAL MOT","-1","N/A","0","false","-1","N/A","0","false","0","true","0","false","32140706291","31643900346","32140706291","4","false","true",
"C","A","20220101","2022","52","2022","842","USA","USA","M","Import","703","SVK","Slovakia","0","W00","World","H6","HS","true","TOTAL","All Commodities","0","false","C00","TOTAL CPC","0","0","TOTAL MOT","-1","N/A","0","false","-1","N/A","0","false","0","true","0","false","6622570848","6506130033","6622570848","4","false","true",
"C","A","20220101","2022","52","2022","842","USA","USA","M","Import","704","VNM","Viet Nam","0","W00","World","H6","HS","true","TOTAL","All Commodities","0","false","C00","TOTAL CPC","0","0","TOTAL MOT","-1","N/A","0","false","-1","N/A","0","false","0","true","0","false","135876540954","127521219882","135876540954","4","false","true",
"C","A","20220101","2022","52","2022","842","USA","USA","M","Import","705","SVN","Slovenia","0","W00","World","H6","HS","true","TOTAL","All Commodities","0","false","C00","TOTAL CPC","0","0","TOTAL MOT","-1","N/A","0","false","-1","N/A","0","false","0","true","0","false","3055626776","2998861113","3055626776","4","false","true",
"C","A","20220101","2022","52","2022","842","USA","USA","M","Import","706","SOM","Somalia","0","W00","World","H6","HS","true","TOTAL","All Commodities","0","false","C00","TOTAL CPC","0","0","TOTAL MOT","-1","N/A","0","false","-1","N/A","0","false","0","true","0","false","1173750","1141489","1173750","4","false","true",
"C","A","20220101","2022","52","2022","842","USA","USA","M","Import","710","ZAF","South Africa","0","W00","World","H6","HS","true","TOTAL","All Commodities","0","false","C00","TOTAL CPC","0","0","TOTAL MOT","-1","N/A","0","false","-1","N/A","0","false","0","true","0","false","14656908671","14359022003","14656908671","4","false","true",
"C","A","20220101","2022","52","2022","842","USA","USA","M","Import","716","ZWE","Zimbabwe","0","W00","World","H6","HS","true","TOTAL","All Commodities","0","false","C00","TOTAL CPC","0","0","TOTAL MOT","-1","N/A","0","false","-1","N/A","0","false","0","true","0","false","89770502","86509488","89770502","4","false","true",
"C","A","20220101","2022","52","2022","842","USA","USA","M","Import","724","ESP","Spain","0","W00","World","H6","HS","true","TOTAL","All Commodities","0","false","C00","TOTAL CPC","0","0","TOTAL MOT","-1","N/A","0","false","-1","N/A","0","false","0","true","0","false","24303594892","23058872227","24303594892","4","false","true",
"C","A","20220101","2022","52","2022","842","USA","USA","M","Import","728","SSD","South Sudan","0","W00","World","H6","HS","true","TOTAL","All Commodities","0","false","C00","TOTAL CPC","0","0","TOTAL MOT","-1","N/A","0","false","-1","N/A","0","false","0","true","0","false","31953","28667","31953","4","false","true",
"C","A","20220101","2022","52","2022","842","USA","USA","M","Import","729","SDN","Sudan","0","W00","World","H6","HS","true","TOTAL","All Commodities","0","false","C00","TOTAL CPC","0","0","TOTAL MOT","-1","N/A","0","false","-1","N/A","0","false","0","true","0","false","38020554","37400766","38020554","4","false","true",
"C","A","20220101","2022","52","2022","842","USA","USA","M","Import","740","SUR","Suriname","0","W00","World","H6","HS","true","TOTAL","All Commodities","0","false","C00","TOTAL CPC","0","0","TOTAL MOT","-1","N/A","0","false","-1","N/A","0","false","0","true","0","false","80076816","75455261","80076816","4","false","true",
"C","A","20220101","2022","52","2022","842","USA","USA","M","Import","748","SWZ","Eswatini","0","W00","World","H6","HS","true","TOTAL","All Commodities","0","false","C00","TOTAL CPC","0","0","TOTAL MOT","-1","N/A","0","false","-1","N/A","0","false","0","true","0","false","23567468","22457032","23567468","4","false","true",
"C","A","20220101","2022","52","2022","842","USA","USA","M","Import","752","SWE","Sweden","0","W00","World","H6","HS","true","TOTAL","All Commodities","0","false","C00","TOTAL CPC","0","0","TOTAL MOT","-1","N/A","0","false","-1","N/A","0","false","0","true","0","false","17691448151","17102576538","17691448151","4","false","true",
"C","A","20220101","2022","52","2022","842","USA","USA","M","Import","757","CHE","Switzerland","0","W00","World","H6","HS","true","TOTAL","All Commodities","0","false","C00","TOTAL CPC","0","0","TOTAL MOT","-1","N/A","0","false","-1","N/A","0","false","0","true","0","false","60136429976","59629857223","60136429976","4","false","true",
"C","A","20220101","2022","52","2022","842","USA","USA","M","Import","760","SYR","Syria","0","W00","World","H6","HS","true","TOTAL","All Commodities","0","false","C00","TOTAL CPC","0","0","TOTAL MOT","-1","N/A","0","false","-1","N/A","0","false","0","true","0","false","9708555","8771320","9708555","4","false","true",
"C","A","20220101","2022","52","2022","842","USA","USA","M","Import","762","TJK","Tajikistan","0","W00","World","H6","HS","true","TOTAL","All Commodities","0","false","C00","TOTAL CPC","0","0","TOTAL MOT","-1","N/A","0","false","-1","N/A","0","false","0","true","0","false","1500435","1417199","1500435","4","false","true",
"C","A","20220101","2022","52","2022","842","USA","USA","M","Import","764","THA","Thailand","0","W00","World","H6","HS","true","TOTAL","All Commodities","0","false","C00","TOTAL CPC","0","0","TOTAL MOT","-1","N/A","0","false","-1","N/A","0","false","0","true","0","false","63012027525","58735815764","63012027525","4","false","true",
"C","A","20220101","2022","52","2022","842","USA","USA","M","Import","768","TGO","Togo","0","W00","World","H6","HS","true","TOTAL","All Commodities","0","false","C00","TOTAL CPC","0","0","TOTAL MOT","-1","N/A","0","false","-1","N/A","0","false","0","true","0","false","90435895","84211861","90435895","4","false","true",
"C","A","20220101","2022","52","2022","842","USA","USA","M","Import","772","TKL","Tokelau","0","W00","World","H6","HS","true","TOTAL","All Commodities","0","false","C00","TOTAL CPC","0","0","TOTAL MOT","-1","N/A","0","false","-1","N/A","0","false","0","false","0","false","221706","220321","221706","0","false","true",
"C","A","20220101","2022","52","2022","842","USA","USA","M","Import","776","TON","Tonga","0","W00","World","H6","HS","true","TOTAL","All Commodities","0","false","C00","TOTAL CPC","0","0","TOTAL MOT","-1","N/A","0","false","-1","N/A","0","false","0","true","0","false","4248987","3395665","4248987","4","false","true",
"C","A","20220101","2022","52","2022","842","USA","USA","M","Import","780","TTO","Trinidad and Tobago","0","W00","World","H6","HS","true","TOTAL","All Commodities","0","false","C00","TOTAL CPC","0","0","TOTAL MOT","-1","N/A","0","false","-1","N/A","0","false","0","true","0","false","5607391630","5422046048","5607391630","4","false","true",
"C","A","20220101","2022","52","2022","842","USA","USA","M","Import","784","ARE","United Arab Emirates","0","W00","World","H6","HS","true","TOTAL","All Commodities","0","false","C00","TOTAL CPC","0","0","TOTAL MOT","-1","N/A","0","false","-1","N/A","0","false","0","true","0","false","7314017138","6907128618","7314017138","4","false","true",
"C","A","20220101","2022","52","2022","842","USA","USA","M","Import","788","TUN","Tunisia","0","W00","World","H6","HS","true","TOTAL","All Commodities","0","false","C00","TOTAL CPC","0","0","TOTAL MOT","-1","N/A","0","false","-1","N/A","0","false","0","true","0","false","789476372","748944010","789476372","4","false","true",
"C","A","20220101","2022","52","2022","842","USA","USA","M","Import","792","TUR","Türkiye","0","W00","World","H6","HS","true","TOTAL","All Commodities","0","false","C00","TOTAL CPC","0","0","TOTAL MOT","-1","N/A","0","false","-1","N/A","0","false","0","true","0","false","20424879616","18847606143","20424879616","4","false","true",
"C","A","20220101","2022","52","2022","842","USA","USA","M","Import","795","TKM","Turkmenistan","0","W00","World","H6","HS","true","TOTAL","All Commodities","0","false","C00","TOTAL CPC","0","0","TOTAL MOT","-1","N/A","0","false","-1","N/A","0","false","0","true","0","false","49277933","46333725","49277933","4","false","true",
"C","A","20220101","2022","52","2022","842","USA","USA","M","Import","796","TCA","Turks and Caicos Isds","0","W00","World","H6","HS","true","TOTAL","All Commodities","0","false","C00","TOTAL CPC","0","0","TOTAL MOT","-1","N/A","0","false","-1","N/A","0","false","0","true","0","false","12363817","12028783","12363817","4","false","true",
"C","A","20220101","2022","52","2022","842","USA","USA","M","Import","798","TUV","Tuvalu","0","W00","World","H6","HS","true","TOTAL","All Commodities","0","false","C00","TOTAL CPC","0","0","TOTAL MOT","-1","N/A","0","false","-1","N/A","0","false","0","true","0","false","203909","193309","203909","4","false","true",
"C","A","20220101","2022","52","2022","842","USA","USA","M","Import","800","UGA","Uganda","0","W00","World","H6","HS","true","TOTAL","All Commodities","0","false","C00","TOTAL CPC","0","0","TOTAL MOT","-1","N/A","0","false","-1","N/A","0","false","0","true","0","false","180485107","173863399","180485107","4","false","true",
"C","A","20220101","2022","52","2022","842","USA","USA","M","Import","804","UKR","Ukraine","0","W00","World","H6","HS","true","TOTAL","All Commodities","0","false","C00","TOTAL CPC","0","0","TOTAL MOT","-1","N/A","0","false","-1","N/A","0","false","0","true","0","false","1536287369","1476971180","1536287369","4","false","true",
"C","A","20220101","2022","52","2022","842","USA","USA","M","Import","807","MKD","North Macedonia","0","W00","World","H6","HS","true","TOTAL","All Commodities","0","false","C00","TOTAL CPC","0","0","TOTAL MOT","-1","N/A","0","false","-1","N/A","0","false","0","true","0","false","238227572","227268902","238227572","4","false","true",
"C","A","20220101","2022","52","2022","842","USA","USA","M","Import","818","EGY","Egypt","0","W00","World","H6","HS","true","TOTAL","All Commodities","0","false","C00","TOTAL CPC","0","0","TOTAL MOT","-1","N/A","0","false","-1","N/A","0","false","0","true","0","false","3043170745","2805869285","3043170745","4","false","true",
"C","A","20220101","2022","52","2022","842","USA","USA","M","Import","826","GBR","United Kingdom","0","W00","World","H6","HS","true","TOTAL","All Commodities","0","false","C00","TOTAL CPC","0","0","TOTAL MOT","-1","N/A","0","false","-1","N/A","0","false","0","true","0","false","64745551328","63357944124","64745551328","4","false","true",
"C","A","20220101","2022","52","2022","842","USA","USA","M","Import","834","TZA","United Rep. of Tanzania","0","W00","World","H6","HS","true","TOTAL","All Commodities","0","false","C00","TOTAL CPC","0","0","TOTAL MOT","-1","N/A","0","false","-1","N/A","0","false","0","true","0","false","170001071","164011244","170001071","4","false","true",
"C","A","20220101","2022","52","2022","842","USA","USA","M","Import","854","BFA","Burkina Faso","0","W00","World","H6","HS","true","TOTAL","All Commodities","0","false","C00","TOTAL CPC","0","0","TOTAL MOT","-1","N/A","0","false","-1","N/A","0","false","0","true","0","false","6709647","6450196","6709647","4","false","true",
"C","A","20220101","2022","52","2022","842","USA","USA","M","Import","858","URY","Uruguay","0","W00","World","H6","HS","true","TOTAL","All Commodities","0","false","C00","TOTAL CPC","0","0","TOTAL MOT","-1","N/A","0","false","-1","N/A","0","false","0","true","0","false","970890698","906284239","970890698","4","false","true",
"C","A","20220101","2022","52","2022","842","USA","USA","M","Import","860","UZB","Uzbekistan","0","W00","World","H6","HS","true","TOTAL","All Commodities","0","false","C00","TOTAL CPC","0","0","TOTAL MOT","-1","N/A","0","false","-1","N/A","0","false","0","true","0","false","61036309","59015539","61036309","4","false","true",
"C","A","20220101","2022","52","2022","842","USA","USA","M","Import","862","VEN","Venezuela","0","W00","World","H6","HS","true","TOTAL","All Commodities","0","false","C00","TOTAL CPC","0","0","TOTAL MOT","-1","N/A","0","false","-1","N/A","0","false","0","true","0","false","449311529","413002818","449311529","4","false","true",
"C","A","20220101","2022","52","2022","842","USA","USA","M","Import","876","WLF","Wallis and Futuna Isds","0","W00","World","H6","HS","true","TOTAL","All Commodities","0","false","C00","TOTAL CPC","0","0","TOTAL MOT","-1","N/A","0","false","-1","N/A","0","false","0","true","0","false","116449","107901","116449","4","false","true",
"C","A","20220101","2022","52","2022","842","USA","USA","M","Import","882","WSM","Samoa","0","W00","World","H6","HS","true","TOTAL","All Commodities","0","false","C00","TOTAL CPC","0","0","TOTAL MOT","-1","N/A","0","false","-1","N/A","0","false","0","true","0","false","10267762","9398214","10267762","4","false","true",
"C","A","20220101","2022","52","2022","842","USA","USA","M","Import","887","YEM","Yemen","0","W00","World","H6","HS","true","TOTAL","All Commodities","0","false","C00","TOTAL CPC","0","0","TOTAL MOT","-1","N/A","0","false","-1","N/A","0","false","0","true","0","false","31935622","31410106","31935622","4","false","true",
"C","A","20220101","2022","52","2022","842","USA","USA","M","Import","894","ZMB","Zambia","0","W00","World","H6","HS","true","TOTAL","All Commodities","0","false","C00","TOTAL CPC","0","0","TOTAL MOT","-1","N/A","0","false","-1","N/A","0","false","0","true","0","false","138902143","135254441","138902143","4","false","true",
